-- university_schema.sql
-- Create the tables
CREATE TABLE department (
    dept_name VARCHAR(20) PRIMARY KEY,
    building VARCHAR(15),
    budget NUMERIC(12, 2)
);

CREATE TABLE instructor (
    ID VARCHAR(5) PRIMARY KEY,
    name VARCHAR(20) NOT NULL,
    dept_name VARCHAR(20),
    salary NUMERIC(8, 2),
    FOREIGN KEY (dept_name) REFERENCES department(dept_name) ON DELETE SET NULL
);

CREATE TABLE course (
    course_id VARCHAR(8) PRIMARY KEY,
    title VARCHAR(50),
    dept_name VARCHAR(20),
    credits NUMERIC(2, 0),
    FOREIGN KEY (dept_name) REFERENCES department(dept_name) ON DELETE SET NULL
);

CREATE TABLE classroom (
    building VARCHAR(15),
    room_number VARCHAR(7),
    capacity NUMERIC(4, 0),
    PRIMARY KEY (building, room_number)
);

-- Insert sample data
INSERT INTO department (dept_name, building, budget) VALUES
('Biology', 'Watson', 90000),
('Comp. Sci.', 'Taylor', 100000),
('Elec. Eng.', 'Taylor', 85000),
('Finance', 'Painter', 120000),
('History', 'Painter', 50000),
('Music', 'Packard', 80000),
('Physics', 'Watson', 70000);

INSERT INTO instructor (ID, name, dept_name, salary) VALUES
('10101', 'Srinivasan', 'Comp. Sci.', 65000),
('12121', 'Wu', 'Finance', 90000),
('15151', 'Mozart', 'Music', 40000),
('22222', 'Einstein', 'Physics', 95000),
('32343', 'El Said', 'History', 60000),
('33456', 'Gold', 'Physics', 87000),
('45565', 'Katz', 'Comp. Sci.', 75000),
('58583', 'Califieri', 'History', 62000),
('76543', 'Singh', 'Finance', 80000),
('76766', 'Crick', 'Biology', 72000),
('83821', 'Brandt', 'Comp. Sci.', 92000),
('98345', 'Kim', 'Elec. Eng.', 80000);

INSERT INTO course (course_id, title, dept_name, credits) VALUES
('BIO-101', 'Intro. to Biology', 'Biology', 4),
('BIO-301', 'Genetics', 'Biology', 4),
('BIO-399', 'Computational Biology', 'Biology', 3),
('CS-101', 'Intro. to Computer Science', 'Comp. Sci.', 4),
('CS-190', 'Game Design', 'Comp. Sci.', 4),
('CS-315', 'Robotics', 'Comp. Sci.', 3),
('CS-319', 'Image Processing', 'Comp. Sci.', 3),
('CS-347', 'Database System Concepts', 'Comp. Sci.', 3),
('EE-181', 'Intro. to Digital Systems', 'Elec. Eng.', 3),
('FIN-201', 'Investment Banking', 'Finance', 3),
('HIS-351', 'World History', 'History', 3),
('MU-199', 'Music Video Production', 'Music', 3),
('PHY-101', 'Physical Principles', 'Physics', 4);

INSERT INTO classroom (building, room_number, capacity) VALUES
('Packard', '101', 500),
('Painter', '514', 10),
('Taylor', '3128', 70),
('Watson', '100', 30),
('Watson', '120', 50);

-- Make queries prettier in sqlite
.headers on
.mode column

